Unnamed: 0,Unnamed: 1
,
"NORTHEND WINNIPEG, MANITOBA NEIGBORHOOD AND POSTAL CODE",
,
POSTAL CODE,NAMES
R2W 1T9,Aberdeen Avenue
R2W 1V1,Aberdeen Avenue
R2W 1V2,Aberdeen Avenue
R2W 1V3,Aberdeen Avenue
R2W 1V4,Aberdeen Avenue
R2W 1V5,Aberdeen Avenue
R2W 1V6,Aberdeen Avenue
R2W 1V7,Aberdeen Avenue
R2W 1V8,Aberdeen Avenue
R2W 1W1,Aberdeen Avenue
R2W 1V9,Aberdeen Avenue
R2W 1W2,Aberdeen Avenue
R2W 1W3,Aberdeen Avenue
R2W 1W4,Aberdeen Avenue
R2W 1W5,Aberdeen Avenue
R2W 1W6,Aberdeen Avenue
R2W 1W7,Aberdeen Avenue
R2W 1W8,Aberdeen Avenue
R2W 1W9,Aberdeen Avenue
R2W 4E2,Aikins Street
R2W 4E3,Aikins Street
R2W 4E4,Aikins Street
R2W 4E5,Aikins Street
R2W 4E7,Aikins Street
R2W 4E6,Aikins Street
R2W 4E8,Aikins Street
R2W 4E9,Aikins Street
R2W 4G2,Aikins Street
R2W 4G1,Aikins Street
R2W 4G3,Aikins Street
R2W 2P6,Aikins Street
R2W 4G5,Aikins Street
R2W 4G6,Aikins Street
R2W 4G7,Aikins Street
R2W 4G9,Aikins Street
R2W 4H1,Aikins Street
R2W 4H2,Aikins Street
R2W 4H3,Aikins Street
R2W 4H4,Aikins Street
R2W 4H5,Aikins Street
R2W 4H6,Aikins Street
R2W 4H7,Aikins Street
R2W 4H8,Aikins Street
R2W 4H9,Aikins Street
R2W 4J1,Aikins Street
R2W 4J2,Aikins Street
R2W 4J3,Aikins Street
R2W 4J4,Aikins Street
R2W 4J5,Aikins Street
R2W 1X1,Alfred Avenue
R2W 1X2,Alfred Avenue
R2W 1X3,Alfred Avenue
R2W 1X4,Alfred Avenue
R2W 1X5,Alfred Avenue
R2W 1X6,Alfred Avenue
R2W 1X7,Alfred Avenue
R2W 1X8,Alfred Avenue
R2W 1X9,Alfred Avenue
R2W 1Y1,Alfred Avenue
R2W 1Y3,Alfred Avenue
R2W 1Y2,Alfred Avenue
R2W 1Y4,Alfred Avenue
R2W 1Y5,Alfred Avenue
R2W 1Y6,Alfred Avenue
R2W 1Y7,Alfred Avenue
R2W 1Y8,Alfred Avenue
R2W 1Y9,Alfred Avenue
R2W 1Z1,Alfred Avenue
R2W 5M9,Anderson Avenue
R2W 1E2,Anderson Avenue
R2W 1E3,Anderson Avenue
R2W 1E4,Anderson Avenue
R2W 1E5,Anderson Avenue
R2W 1E6,Anderson Avenue
R2W 1E7,Anderson Avenue
R2W 1E8,Anderson Avenue
R2W 1E9,Anderson Avenue
R2W 1G1,Anderson Avenue
R2W 1G2,Anderson Avenue
R2W 1G3,Anderson Avenue
R2W 1G4,Anderson Avenue
R2W 1G5,Anderson Avenue
R2W 1G6,Anderson Avenue
R2W 1G7,Anderson Avenue
R2W 4S2,Andrews Street
R2W 4S3,Andrews Street
R2W 4S4,Andrews Street
R2W 4S7,Andrews Street
R2W 4S8,Andrews Street
R2W 4T1,Andrews Street
R2W 4T2,Andrews Street
R2W 4T3,Andrews Street
R2W 4T4,Andrews Street
R2W 4T5,Andrews Street
R2W 4T6,Andrews Street
R2W 4T7,Andrews Street
R2W 4T8,Andrews Street
R2W 4T9,Andrews Street
R2W 4Y1,Andrews Street
R2W 2R3,Andrews Street
R2W 4V1,Andrews Street
R2W 4V2,Andrews Street
R2W 3G6,Angus Street
R2W 5M4,Angus Street
R2W 3G7,Angus Street
R2W 3J1,Annabella Street
R2W 3J9,Annabella Street
R2W 0P6,Atlantic Avenue
R2W 0P7,Atlantic Avenue
R2W 0P9,Atlantic Avenue
R2W 0P8,Atlantic Avenue
R2W 0R1,Atlantic Avenue
R2W 0R2,Atlantic Avenue
R2W 0R3,Atlantic Avenue
R2W 0R4,Atlantic Avenue
R2W 0R5,Atlantic Avenue
R2W 0R6,Atlantic Avenue
R2W 0R7,Atlantic Avenue
R2W 0R8,Atlantic Avenue
R2W 0R9,Atlantic Avenue
R2W 0S1,Atlantic Avenue
R2W 0S2,Atlantic Avenue
R2W 0S3,Atlantic Avenue
R2W 0S4,Atlantic Avenue
R2W 0S5,Atlantic Avenue
R2W 0S6,Atlantic Avenue
R2W 0S7,Atlantic Avenue
R2W 5N3,Austin Street North
R2W 3M4,Austin Street North
R2W 3M5,Austin Street North
R2W 3M6,Austin Street North
R2W 3M7,Austin Street North
R2W 3M8,Austin Street North
R2W 3M9,Austin Street North
R2W 3N1,Austin Street North
R2W 3N2,Austin Street North
R2W 3N3,Austin Street North
R2W 5L8,Austin Street North
R2W 0S9,Bannerman Avenue
R2W 0S8,Bannerman Avenue
R2W 0T1,Bannerman Avenue
R2W 0T2,Bannerman Avenue
R2W 0T3,Bannerman Avenue
R2W 0T4,Bannerman Avenue
R2W 0T6,Bannerman Avenue
R2W 0T8,Bannerman Avenue
R2W 0T7,Bannerman Avenue
R2W 0T9,Bannerman Avenue
R2W 0V1,Bannerman Avenue
R2W 0V2,Bannerman Avenue
R2W 0V3,Bannerman Avenue
R2W 0V4,Bannerman Avenue
R2W 0V5,Bannerman Avenue
R2W 0V6,Bannerman Avenue
R2W 0V7,Bannerman Avenue
R2W 0V8,Bannerman Avenue
R2W 0V9,Bannerman Avenue
R2W 0W1,Bannerman Avenue
R2W 0W2,Bannerman Avenue
R2W 0W3,Bannerman Avenue
R2W 0W4,Bannerman Avenue
R2W 3J6,Barber Street
R2W 3J7,Barber Street
R2W 3J8,Barber Street
R2W 3M1,Barber Street
R2W 3M2,Barber Street
R2W 1N9,Boyd Avenue
R2W 1N8,Boyd Avenue
R2W 1P1,Boyd Avenue
R2W 1P2,Boyd Avenue
R2W 1P4,Boyd Avenue
R2W 1P3,Boyd Avenue
R2W 1P5,Boyd Avenue
R2W 1P6,Boyd Avenue
R2W 1P7,Boyd Avenue
R2W 1P8,Boyd Avenue
R2W 1P9,Boyd Avenue
R2W 1R1,Boyd Avenue
R2W 1R2,Boyd Avenue
R2W 1R3,Boyd Avenue
R2W 1R4,Boyd Avenue
R2W 1R5,Boyd Avenue
R2W 1R6,Boyd Avenue
R2W 1R7,Boyd Avenue
R2W 1Z2,Burrows Avenue
R2W 1Z3,Burrows Avenue
R2W 1Z4,Burrows Avenue
R2W 1Z5,Burrows Avenue
R2W 1Z6,Burrows Avenue
R2W 1Z7,Burrows Avenue
R2W 1Z9,Burrows Avenue
R2W 1Z8,Burrows Avenue
R2W 2A1,Burrows Avenue
R2W 2A2,Burrows Avenue
R2W 2A3,Burrows Avenue
R2W 2A4,Burrows Avenue
R2W 2A5,Burrows Avenue
R2W 2A6,Burrows Avenue
R2W 2A7,Burrows Avenue
R2W 2A8,Burrows Avenue
R2W 2A9,Burrows Avenue
R2W 2B1,Burrows Avenue
R2W 2B2,Burrows Avenue
R2W 0E8,Carruthers Avenue
R2W 0W5,Cathedral Avenue
R2W 0W6,Cathedral Avenue
R2W 0W7,Cathedral Avenue
R2W 0W8,Cathedral Avenue
R2W 0W9,Cathedral Avenue
R2W 0X1,Cathedral Avenue
R2W 0X2,Cathedral Avenue
R2W 0X3,Cathedral Avenue
R2W 0X4,Cathedral Avenue
R2W 0X5,Cathedral Avenue
R2W 0X6,Cathedral Avenue
R2W 0X7,Cathedral Avenue
R2W 0X8,Cathedral Avenue
R2W 0X9,Cathedral Avenue
R2W 0Y1,Cathedral Avenue
R2W 0Y2,Cathedral Avenue
R2W 0Y3,Cathedral Avenue
R2W 0Y4,Cathedral Avenue
R2W 0Y5,Cathedral Avenue
R2W 0Y6,Cathedral Avenue
R2W 0Y7,Cathedral Avenue
R2W 0Y8,Cathedral Avenue
R2W 0Y9,Cathedral Avenue
R2W 0Z1,Cathedral Avenue
R2W 3Z9,Charles Street
R2W 4A1,Charles Street
R2W 4A6,Charles Street
R2W 4A8,Charles Street
R2W 4A9,Charles Street
R2W 5M5,Charles Street
R2W 4B1,Charles Street
R2W 0E5,Charles Street
R2W 4B2,Charles Street
R2W 4B3,Charles Street
R2W 4B4,Charles Street
R2W 4B5,Charles Street
R2W 4B6,Charles Street
R2W 4B7,Charles Street
R2W 4B9,Charles Street
R2W 4C1,Charles Street
R2W 0M7,Charles Street
R2W 4C3,Charles Street
R2W 4C4,Charles Street
R2W 4C5,Charles Street
R2W 4A2,Charles Street
R2W 4A3,Charles Street
R2W 4A4,Charles Street
R2W 1B5,Church Avenue
R2W 1B6,Church Avenue
R2W 1B8,Church Avenue
R2W 1B7,Church Avenue
R2W 1B9,Church Avenue
R2W 1C1,Church Avenue
R2W 1C2,Church Avenue
R2W 1C3,Church Avenue
R2W 1C4,Church Avenue
R2W 1C5,Church Avenue
R2W 1C6,Church Avenue
R2W 1C7,Church Avenue
R2W 1C8,Church Avenue
R2W 1C9,Church Avenue
R2W 1E1,Church Avenue
R2W 1L8,College Avenue
R2W 1L9,College Avenue
R2W 1M1,College Avenue
R2W 1M2,College Avenue
R2W 1M3,College Avenue
R2W 1M4,College Avenue
R2W 1M5,College Avenue
R2W 1M6,College Avenue
R2W 1M7,College Avenue
R2W 1M8,College Avenue
R2W 1M9,College Avenue
R2W 1N1,College Avenue
R2W 1N2,College Avenue
R2W 1N3,College Avenue
R2W 1N4,College Avenue
R2W 1N5,College Avenue
R2W 1N6,College Avenue
R2W 1N7,College Avenue
R2W 3Z7,Derby Street
R2W 5K9,Derby Street
R2W 3J4,Disraeli Street
R2W 3J5,Disraeli Street
R2W 2X5,Dufferin Avenue
R2W 5N7,Dufferin Avenue
R2W 2X6,Dufferin Avenue
R2W 5J1,Dufferin Avenue
R2W 2X7,Dufferin Avenue
R2W 2X8,Dufferin Avenue
R2W 2X9,Dufferin Avenue
R2W 2Y1,Dufferin Avenue
R2W 2Y2,Dufferin Avenue
R2W 2Y3,Dufferin Avenue
R2W 2Y5,Dufferin Avenue
R2W 2Y4,Dufferin Avenue
R2W 2Y6,Dufferin Avenue
R2W 2Y7,Dufferin Avenue
R2W 2Y8,Dufferin Avenue
R2W 2Y9,Dufferin Avenue
R2W 2Z2,Dufferin Avenue
R2W 2Z1,Dufferin Avenue
R2W 2Z4,Dufferin Avenue
R2W 2Z3,Dufferin Avenue
R2W 2Z6,Dufferin Avenue
R2W 2Z5,Dufferin Avenue
R2W 3Y8,Emslie Street
R2W 2W4,Euclid Avenue
R2W 2W5,Euclid Avenue
R2W 2W8,Euclid Avenue
R2W 2X2,Euclid Avenue
R2W 2X3,Euclid Avenue
R2W 2X4,Euclid Avenue
R2W 2R2,Flora Avenue
R2W 2P9,Flora Avenue
R2W 2R1,Flora Avenue
R2W 2R4,Flora Avenue
R2W 5H1,Flora Avenue
R2W 2R5,Flora Avenue
R2W 2R6,Flora Avenue
R2W 2R7,Flora Avenue
R2W 2R8,Flora Avenue
R2W 2R9,Flora Avenue
R2W 2S1,Flora Avenue
R2W 2S3,Flora Avenue
R2W 2S2,Flora Avenue
R2W 2S5,Flora Avenue
R2W 2S4,Flora Avenue
R2W 2S6,Flora Avenue
R2W 2S7,Flora Avenue
R2W 2S8,Flora Avenue
R2W 2S9,Flora Avenue
R2W 4B8,Garlies Street
R2W 4Y7,Garlies Street
R2W 4Y9,Garlies Street
R2W 4Y8,Garlies Street
R2W 5N2,Giiwe Cove
R2W 3J2,Gladstone Street
R2W 3J3,Gladstone Street
R2W 3L8,Granville Street
R2W 3L9,Granville Street
R2W 3K6,Grove Street
R2W 3K7,Grove Street
R2W 3K8,Grove Street
R2W 3K9,Grove Street
R2W 3L5,Hallet Street
R2W 3L6,Hallet Street
R2W 3L7,Hallet Street
R2W 0J2,Inkster Boulevard
R2W 0J3,Inkster Boulevard
R2W 0J5,Inkster Boulevard
R2W 0J4,Inkster Boulevard
R2W 0J6,Inkster Boulevard
R2W 0J7,Inkster Boulevard
R2W 0J8,Inkster Boulevard
R2W 0J9,Inkster Boulevard
R2W 0K1,Inkster Boulevard
R2W 0K2,Inkster Boulevard
R2W 0K3,Inkster Boulevard
R2W 0K4,Inkster Boulevard
R2W 0K5,Inkster Boulevard
R2W 0K6,Inkster Boulevard
R2W 0K7,Inkster Boulevard
R2W 0K8,Inkster Boulevard
R2W 0K9,Inkster Boulevard
R2W 0L1,Inkster Boulevard
R2W 0L2,Inkster Boulevard
R2W 0L3,Inkster Boulevard
R2W 0L4,Inkster Boulevard
R2W 0L5,Inkster Boulevard
R2W 2Z8,Jarvis Avenue
R2W 2Z9,Jarvis Avenue
R2W 3A1,Jarvis AvenueJarvis
R2W 3A2,Jarvis Avenue
R2W 3A3,Jarvis Avenue
R2W 3A4,Jarvis Avenue
R2W 3A5,Jarvis Avenue
R2W 5K2,Jarvis Avenue
R2W 5L3,Jarvis Avenue
R2W 3A6,Jarvis Avenue
R2W 3A7,Jarvis Avenue
R2W 3A8,Jarvis Avenue
R2W 3A9,Jarvis Avenue
R2W 3B1,Jarvis Avenue
R2W 3B2,Jarvis Avenue
R2W 3B3,Jarvis Avenue
R2W 3B4,Jarvis Avenue
R2W 3B5,Jarvis Avenue
R2W 3Z2,Jones Street
R2W 3Z3,Jones Street
R2W 5H8,King Street
R2W 2C5,King Street
R2W 3Z5,King Street
R2W 5L2,King Street
R2W 0E9,Lansdowne Avenue
R2W 0G1,Lansdowne Avenue
R2W 0G2,Lansdowne Avenue
R2W 0G3,Lansdowne Avenue
R2W 0G4,Lansdowne Avenue
R2W 0G6,Lansdowne Avenue
R2W 0G5,Lansdowne Avenue
R2W 0G7,Lansdowne Avenue
R2W 0G8,Lansdowne Avenue
R2W 0G9,Lansdowne Avenue
R2W 0H1,Lansdowne Avenue
R2W 0H2,Lansdowne Avenue
R2W 0H3,Lansdowne Avenue
R2W 0H4,Lansdowne Avenue
R2W 0H5,Lansdowne Avenue
R2W 0H6,Lansdowne Avenue
R2W 0H7,Lansdowne Avenue
R2W 0H8,Lansdowne Avenue
R2W 0H9,Lansdowne Avenue
R2W 0J1,Lansdowne Avenue
R2W 2N7,Lisgar Avenue
R2W 2N8,Lisgar Avenue
R2W 2P1,Lorne Avenue
R2W 2N9,Lorne Avenue
R2W 2P2,Lusted Avenue
R2W 2P3,Lusted Avenue
R2W 4Z1,Luxton Avenue
R2W 0L6,Luxton Avenue
R2W 0L7,Luxton Avenue
R2W 0L8,Luxton Avenue
R2W 0L9,Luxton Avenue
R2W 0M1,Luxton Avenue West
R2W 0Z2,Machray Avenue
R2W 0Z3,Machray Avenue
R2W 0Z4,Machray Avenue
R2W 0Z5,Machray Avenue
R2W 0Z6,Machray Avenue
R2W 0Z7,Machray Avenue
R2W 0Z8,Machray Avenue
R2W 0Z9,Machray Avenue
R2W 1A1,Machray Avenue
R2W 1A2,Machray Avenue
R2W 1A3,Machray Avenue
R2W 1A4,Machray Avenue
R2W 1A5,Machray Avenue
R2W 1A6,Machray Avenue
R2W 1A7,Machray Avenue
R2W 1A8,Machray Avenue
R2W 1A9,Machray Avenue
R2W 1B1,Machray Avenue
R2W 1B2,Machray Avenue
R2W 1B3,Machray Avenue
R2W 1B4,Machray Avenue
R2W 2B3,Magnus Avenue
R2W 2B4,Magnus Avenue
R2W 2B6,Magnus Avenue
R2W 2B5,Magnus Avenue
R2W 2B7,Magnus Avenue
R2W 2B8,Magnus Avenue
R2W 2B9,Magnus Avenue
R2W 2C1,Magnus Avenue
R2W 2C2,Magnus Avenue
R2W 2C3,Magnus Avenue
R2W 2C4,Magnus Avenue
R2W 2C6,Magnus Avenue
R2W 2C7,Magnus Avenue
R2W 2C8,Magnus Avenue
R2W 2C9,Magnus Avenue
R2W 2E1,Magnus Avenue
R2W 2E2,Magnus Avenue
R2W 2E3,Magnus Avenue
R2W 2E4,Magnus Avenue
R2W 3N4,Main Street
R2W 3N5,Main Street
R2W 3N6,Main Street
R2W 3N7,Main Street
R2W 3N8,Main Street
R2W 5J2,Main Street
R2W 3N9,Main Street
R2W 3P1,Main Street
R2W 3P2,Main Street
R2W 5L4,Main Street
R2W 3P3,Main Street
R2W 3P4,Main Street
R2W 3P5,Main Street
R2W 3P6,Main Street
R2W 3P7,Main Street
R2W 3P8,Main Street
R2W 3P9,Main Street
R2W 3R1,Main Street
R2W 3R2,Main Street
R2W 3R3,Main Street
R2W 3R7,Main Street
R2W 5J3,Main Street
R2W 3R8,Main Street
R2W 3S1,Main Street
R2W 3S2,Main Street
R2W 3S4,Main Street
R2W 3S3,Main Street
R2W 3S6,Main Street
R2W 3S7,Main Street
R2W 3S8,Main Street
R2W 3S9,Main Street
R2W 5G9,Main Street
R2W 3T3,Main Street
R2W 3T5,Main Street
R2W 3T4,Main Street
R2W 3T6,Main Street
R2W 3T7,Main Street
R2W 3T8,Main Street
R2W 3T9,Main Street
R2W 3V1,Main Street
R2W 3V2,Main Street
R2W 3V3,Main Street
R2W 3V4,Main Street
R2W 3V6,Main Street
R2W 3V7,Main Street
R2W 3V8,Main Street
R2W 3V9,Main Street
R2W 3W1,Main Street
R2W 3W2,Main Street
R2W 3W3,Main Street
R2W 3W4,Main Street
R2W 5J8,Main Street
R2W 3W5,Main Street
R2W 2E5,Manitoba Avenue
R2W 2E6,Manitoba Avenue
R2W 2E7,Manitoba Avenue
R2W 2E8,Manitoba Avenue
R2W 2E9,Manitoba Avenue
R2W 2G1,Manitoba Avenue
R2W 2G2,Manitoba Avenue
R2W 2G3,Manitoba Avenue
R2W 2G4,Manitoba Avenue
R2W 2G5,Manitoba Avenue
R2W 2G6,Manitoba Avenue
R2W 2G8,Manitoba Avenue
R2W 2G9,Manitoba Avenue
R2W 2H1,Manitoba Avenue
R2W 2H2,Manitoba Avenue
R2W 2H3,Manitoba Avenue
R2W 2H4,Manitoba Avenue
R2W 2H5,Manitoba Avenue
R2W 2H6,Manitoba Avenue
R2W 3L1,Maple Street North
R2W 3L2,Maple Street North
R2W 3L3,Maple Street
R2W 3L4,Maple Street North
R2W 0C6,Matheson Avenue
R2W 0C7,Matheson Avenue
R2W 0C8,Matheson Avenue
R2W 0C9,Matheson Avenue
R2W 0E1,Matheson Avenue
R2W 0E2,Matheson Avenue
R2W 0E3,Matheson Avenue
R2W 0E4,Matheson Avenue
R2W 0B9,Matheson Avenue East
R2W 0C1,Matheson Avenue East
R2W 0C2,Matheson Avenue East
R2W 0C3,Matheson Avenue East
R2W 5M7,Matheson Avenue East
R2W 0C4,Matheson Avenue East
R2W 0C5,Matheson Avenue East
R2W 0A1,McAdam Avenue
R2W 0A2,McAdam Avenue
R2W 0A3,McAdam Avenue
R2W 0A4,McAdam Avenue
R2W 0A5,McAdam Avenue
R2W 0A6,McAdam Avenue
R2W 0A7,McAdam Avenue
R2W 0A8,McAdam Avenue
R2W 0A9,McAdam Avenue
R2W 0B1,McAdam Avenue
R2W 0B2,McAdam Avenue
R2W 0B3,McAdam Avenue
R2W 0B4,McAdam Avenue
R2W 0B5,McAdam Avenue
R2W 0B6,McAdam Avenue
R2W 0B7,McAdam Avenue
R2W 0B8,McAdam Avenue
R2W 3H5,Mcfarlane Street North
R2W 3H6,Mcfarlane Street North
R2W 3H7,Mcfarlane Street North
R2W 5J7,McGregor Street
R2W 4V4,McGregor Street
R2W 4V5,McGregor Street
R2W 4V6,McGregor Street
R2W 4V7,McGregor Street
R2W 4V8,McGregor Street
R2W 4W1,McGregor Street
R2W 5L6,McGregor Street
R2W 4W3,McGregor Street
R2W 4W4,McGregor Street
R2W 4W5,McGregor Street
R2W 4W7,McGregor Street
R2W 4W8,McGregor Street
R2W 4X1,McGregor Street
R2W 4X3,McGregor Street
R2W 4X4,McGregor Street
R2W 4X5,McGregor Street
R2W 4X6,McGregor Street
R2W 4X7,McGregor Street
R2W 4X8,McGregor Street
R2W 4X9,McGregor Street
R2W 4Y3,McGregor Street
R2W 4Y2,McGregor Street
R2W 4Y4,McGregor Street
R2W 4Y6,McGregor Street
R2W 4Y5,McGregor Street
R2W 4Z3,McKenzie Street
R2W 5N1,McKenzie Street
R2W 4Z6,McKenzie Street
R2W 4Z8,McKenzie Street
R2W 5A2,McKenzie Street
R2W 2L9,McKenzie Street
R2W 2T1,McKenzie Street
R2W 5A3,McKenzie Street
R2W 5A4,McKenzie Street
R2W 5A5,McKenzie Street
R2W 4Z2,McKenzie Street
R2W 5A6,McKenzie Street
R2W 5A7,McKenzie Street
R2W 5H3,McKenzie Street
R2W 5A8,McKenzie Street
R2W 5A9,McKenzie Street
R2W 5B1,McKenzie Street
R2W 5B2,McKenzie Street
R2W 5B3,McKenzie Street
R2W 5B4,McKenzie Street
R2W 5B5,McKenzie Street
R2W 5B6,McKenzie Street
R2W 5B7,McKenzie Street
R2W 5B8,McKenzie Street
R2W 5B9,McKenzie Street
R2W 5C1,McKenzie Street
R2W 5C2,McKenzie Street
R2W 3K4,Meade Street North
R2W 3K5,Meade Street North
R2W 3Y5,Mortimer Place
R2W 3Y6,Mortimer Place
R2W 1J7,Mountain Avenue
R2W 1J8,Mountain Avenue
R2W 1J9,Mountain Avenue
R2W 1K1,Mountain Avenue
R2W 1K2,Mountain Avenue
R2W 1K3,Mountain Avenue
R2W 1K4,Mountain Avenue
R2W 1K5,Mountain Avenue
R2W 1K6,Mountain Avenue
R2W 1K7,Mountain Avenue
R2W 1K8,Mountain Avenue
R2W 1K9,Mountain Avenue
R2W 1L2,Mountain Avenue
R2W 5L7,Mountain Avenue
R2W 1L1,Mountain Avenue
R2W 1L3,Mountain Avenue
R2W 1L4,Mountain Avenue
R2W 1L5,Mountain Avenue
R2W 1L7,Mountain Avenue
R2W 1L6,Mountain Avenue
R2W 3Y9,O'Meara Street
R2W 3Z1,O'Meara Street
R2W 5C3,Parr Street
R2W 5J9,Parr Street
R2W 5C4,Parr Street
R2W 5C5,Parr Street
R2W 5C6,Parr Street
R2W 5C8,Parr Street
R2W 5C9,Parr Street
R2W 5E1,Parr Street
R2W 5E2,Parr Street
R2W 5E3,Parr Street
R2W 5E4,Parr Street
R2W 5E5,Parr Street
R2W 5E6,Parr Street
R2W 5E8,Parr Street
R2W 5E7,Parr Street
R2W 5E9,Parr Street
R2W 5G1,Parr Street
R2W 5G2,Parr Street
R2W 5G3,Parr Street
R2W 5G4,Parr Street
R2W 5G5,Parr Street
R2W 5G6,Parr Street
R2W 5G7,Parr Street
R2W 5G8,Parr Street
R2W 0M2,Polson Avenue
R2W 0M3,Polson Avenue
R2W 0M4,Polson Avenue
R2W 0M5,Polson Avenue
R2W 0M6,Polson Avenue
R2W 0M8,Polson Avenue
R2W 0M9,Polson Avenue
R2W 0N1,Polson Avenue
R2W 0N2,Polson Avenue
R2W 0N3,Polson Avenue
R2W 0N4,Polson Avenue
R2W 0N5,Polson Avenue
R2W 0N6,Polson Avenue
R2W 0N7,Polson Avenue
R2W 0N8,Polson Avenue
R2W 0N9,Polson Avenue
R2W 0P1,Polson Avenue
R2W 0P2,Polson Avenue
R2W 0P3,Polson Avenue
R2W 0P4,Polson Avenue
R2W 0P5,Polson Avenue
R2W 4N2,Powers Street
R2W 2G7,Powers Street
R2W 4N4,Powers Street
R2W 0E7,Powers Street
R2W 4N7,Powers Street
R2W 5J4,Powers Street
R2W 4P1,Powers Street
R2W 4P3,Powers Street
R2W 4P4,Powers Street
R2W 4P5,Powers Street
R2W 4P7,Powers Street
R2W 5L1,Powers Street
R2W 4P8,Powers Street
R2W 4P9,Powers Street
R2W 4R1,Powers Street
R2W 4R2,Powers Street
R2W 4R3,Powers Street
R2W 4R4,Powers Street
R2W 4R5,Powers Street
R2W 4R6,Powers Street
R2W 4R9,Powers Street
R2W 4R8,Powers Street
R2W 3K2,Prince Edward Street
R2W 3K3,Prince Edward Street
R2W 2H8,Pritchard Avenue
R2W 2H7,Pritchard Avenue
R2W 2J1,Pritchard Avenue
R2W 2J2,Pritchard Avenue
R2W 2J3,Pritchard Avenue
R2W 2J4,Pritchard Avenue
R2W 2J5,Pritchard Avenue
R2W 2J6,Pritchard Avenue
R2W 2J7,Pritchard Avenue
R2W 2J8,Pritchard Avenue
R2W 2J9,Pritchard Avenue
R2W 2K1,Pritchard Avenue
R2W 2K2,Pritchard Avenue
R2W 2K3,Pritchard Avenue
R2W 2K4,Pritchard Avenue
R2W 2K5,Pritchard Avenue
R2W 2K6,Pritchard Avenue
R2W 2K7,Pritchard Avenue
R2W 2K8,Pritchard Avenue
R2W 2K9,Pritchard Avenue
R2W 5J5,Redwood Avenue
R2W 1R8,Redwood Avenue
R2W 1R9,Redwood Avenue
R2W 1S1,Redwood Avenue
R2W 1S2,Redwood Avenue
R2W 1S3,Redwood Avenue
R2W 1S4,Redwood Avenue
R2W 1S5,Redwood Avenue
R2W 1S6,Redwood Avenue
R2W 1S7,Redwood Avenue
R2W 1S8,Redwood Avenue
R2W 1S9,Redwood Avenue
R2W 1T1,Redwood Avenue
R2W 1T2,Redwood Avenue
R2W 1T3,Redwood Avenue
R2W 1T4,Redwood Avenue
R2W 1T5,Redwood Avenue
R2W 1T6,Redwood Avenue
R2W 1T7,Redwood Avenue
R2W 2W3,Redwood Avenue
R2W 4C6,Robinson Street
R2W 5H5,Robinson Street
R2W 4C7,Robinson Street
R2W 5M8,Robinson Street
R2W 0T5,Robinson Street
R2W 5N4,Robinson Street
R2W 4E1,Robinson Street
R2W 2P4,Rover Avenue
R2W 2P5,Rover Avenue
R2W 2P7,Rover Avenue
R2W 3X8,Saint Cross Street
R2W 3X9,Saint Cross Street
R2W 3Y1,Saint Cross Street
R2W 3Y2,Saint Cross Street
R2W 3Y3,Saint Cross Street
R2W 3Y4,Saint Cross Street
R2W 5H4,Saint Cross Street
R2W 5M6,Saint Cross Street
R2W 1G8,Saint John's Avenue
R2W 1G9,Saint John's Avenue
R2W 1H1,Saint John's Avenue
R2W 1H2,Saint John's Avenue
R2W 1H3,Saint John's Avenue
R2W 1H4,Saint John's Avenue
R2W 1H5,Saint John's Avenue
R2W 1H6,Saint John's Avenue
R2W 1H7,Saint John's Avenue
R2W 1H8,Saint John's Avenue
R2W 1H9,Saint John's Avenue
R2W 1J1,Saint John's Avenue
R2W 1J2,Saint John's Avenue
R2W 1J3,Saint John's Avenue
R2W 1J4,Saint John's Avenue
R2W 1J6,Saint John's Avenue
R2W 1J5,Saint John's Avenue
R2W 4J6,Salter Street
R2W 5M1,Salter Street
R2W 4J7,Salter Street
R2W 5L5,Salter Street
R2W 4J8,Salter Street
R2W 4K1,Salter Street
R2W 4K2,Salter Street
R2W 4K3,Salter Street
R2W 4K4,Salter Street
R2W 4K7,Salter Street
R2W 4K6,Salter Street
R2W 4K8,Salter Street
R2W 4K9,Salter Street
R2W 4L1,Salter Street
R2W 4L2,Salter Street
R2W 4L3,Salter Street
R2W 4L4,Salter Street
R2W 4L5,Salter Street
R2W 4L6,Salter Street
R2W 4L7,Salter Street
R2W 4L8,Salter Street
R2W 4L9,Salter Street
R2W 4M1,Salter Street
R2W 4M2,Salter Street
R2W 4M3,Salter Street
R2W 4M4,Salter Street
R2W 4M5,Salter Street
R2W 4M6,Salter Street
R2W 4M7,Salter Street
R2W 4M8,Salter Street
R2W 4M9,Salter Street
R2W 4N1,Salter Street
R2W 3W6,Scotia Street
R2W 3W7,Scotia Street
R2W 3W8,Scotia Street
R2W 3W9,Scotia Street
R2W 3X1,Scotia Street
R2W 3X2,Scotia Street
R2W 3X3,Scotia Street
R2W 3X4,Scotia Street
R2W 3X5,Scotia Street
R2W 3X6,Scotia Street
R2W 3X7,Scotia Street
R2W 2L1,Selkirk Avenue
R2W 2L2,Selkirk Avenue
R2W 2L3,Selkirk Avenue
R2W 2L4,Selkirk Avenue
R2W 2L5,Selkirk Avenue
R2W 2L6,Selkirk Avenue
R2W 2L7,Selkirk Avenue
R2W 2L8,Selkirk Avenue
R2W 5H7,Selkirk Avenue
R2W 2M1,Selkirk Avenue
R2W 2M2,Selkirk Avenue
R2W 2M3,Selkirk Avenue
R2W 2M4,Selkirk Avenue
R2W 2M5,Selkirk Avenue
R2W 2M7,Selkirk Avenue
R2W 2M6,Selkirk Avenue
R2W 2M8,Selkirk Avenue
R2W 2M9,Selkirk Avenue
R2W 2N1,Selkirk Avenue
R2W 2N2,Selkirk Avenue
R2W 2N4,Selkirk Avenue
R2W 2N3,Selkirk Avenue
R2W 2N5,Selkirk Avenue
R2W 2N6,Selkirk Avenue
R2W 2T8,Stella Avenue
R2W 2T9,Stella Avenue
R2W 5K5,Stella Avenue
R2W 2V1,Stella Avenue
R2W 2V2,Stella Avenue
R2W 2V3,Stella Avenue
R2W 2V4,Stella Avenue
R2W 2V5,Stella Avenue
R2W 2V6,Stella Avenue
R2W 2V7,Stella Avenue
R2W 2V8,Stella Avenue
R2W 2V9,Stella Avenue
R2W 2W1,Stella Avenue
R2W 2W2,Stella Avenue
R2W 2T3,Stella Walk
R2W 2T4,Stella Walk
R2W 2T5,Stella Walk
R2W 3G9,Stephens Street
R2W 3G8,Stephens Street
R2W 3H1,Stephens Street
R2W 3H2,Stephens Street
R2W 3B6,Sutherland Avenue
R2W 3B8,Sutherland Avenue
R2W 3B7,Sutherland Avenue
R2W 3B9,Sutherland Avenue
R2W 3C1,Sutherland Avenue
R2W 3C2,Sutherland Avenue
R2W 3C3,Sutherland Avenue
R2W 3C4,Sutherland Avenue
R2W 3C5,Sutherland Avenue
R2W 5N6,Sutherland Avenue
R2W 3C6,Sutherland Avenue
R2W 3C7,Sutherland Avenue
R2W 3C9,Sutherland Avenue
R2W 3E1,Sutherland Avenue
R2W 5K4,Sutherland Avenue
R2W 3E5,Sutherland Avenue
R2W 3E4,Sutherland Avenue
R2W 3E6,Sutherland Avenue
R2W 5K7,Sutherland Avenue
R2W 3E8,Sutherland Avenue
R2W 5M2,Sutherland Avenue
R2W 3E9,Sutherland Avenue
R2W 5N5,Sutherland Avenue
R2W 3G1,Sutherland Avenue
R2W 3G2,Sutherland Avenue
R2W 3G4,Sutherland Avenue
R2W 3H4,Sutherland Avenue
R2W 3H3,Sutherland Avenue
R2W 5J6,Yard Street
,
Sources : Postal Codes in Canada,
